127.0.0.1,葡萄,1654936294
127.0.0.1,葡萄汁,1654936315
127.0.0.1,葡萄怎么吃,1654936332
127.0.0.1,葡萄汁,1654936373
127.0.0.1,葡萄干怎么吃,1654936387
127.0.0.1,葡萄有哪些品种,1654936411
127.0.0.1,无籽葡萄,1654936452
127.0.0.1,西瓜,1654936834
127.0.0.1,da西瓜,1654936846
127.0.0.1,大西瓜,1654936858
127.0.0.1,西瓜汁,1654936872
127.0.0.1,西瓜切几片,1654936884
127.0.0.1,西瓜皮,1654936895
127.0.0.1,无籽西瓜,1654936912
127.0.0.1,美人瓜,1654936938
127.0.0.1,哪里的西瓜好吃,1654936952
127.0.0.1,西瓜,1654938905
127.0.0.1,西瓜,1654938921
127.0.0.1,西瓜,1654947554
127.0.0.1,中国,1654947566
127.0.0.1,中国,1654951769
127.0.0.1,中国国旗,1654951795
127.0.0.1,中国有多少个省份,1654951816
127.0.0.1,中国旅游景点,1654951830
127.0.0.1,桃子,1654956873
127.0.0.1,水蜜桃,1654956885
127.0.0.1,黄桃,1654956900
127.0.0.1,黄桃罐头,1654956912
127.0.0.1,桃子,1654956970
127.0.0.1,西瓜,1654956998
127.0.0.1,桃子,1654957012
127.0.0.1,桃子,1654958964
127.0.0.1,西瓜,1654958974
127.0.0.1,桃子,1654959321
127.0.0.1,桃子,1654959331
127.0.0.1,桃子,1654959372
127.0.0.1,狗,1654959928
127.0.0.1,小狗,1654959944
127.0.0.1,金毛狗,1654959963
127.0.0.1,狗,1654959971
127.0.0.1,哈士奇,1654959994
127.0.0.1,狗,1654960003
127.0.0.1,狗,1654960060
127.0.0.1,狗,1654960370
127.0.0.1,狗,1654960562
127.0.0.1,狗,1654961063
127.0.0.1,狗,1654961254
127.0.0.1,狗,1654961316
127.0.0.1,狗,1654961390
127.0.0.1,狗狗,1654961409
127.0.0.1,狗,1654961414
127.0.0.1,狗粮,1654961434
127.0.0.1,狗狗,1654961444
127.0.0.1,小型狗,1654961467
127.0.0.1,狗狗,1654961476
127.0.0.1,狗狗玩具,1654961497
127.0.0.1,狗狗,1654961502
127.0.0.1,狗粮,1654961510
127.0.0.1,狗,1654961521
